{"message_ids": {"om_x100b50e8d0942c9cb165e7a52e1ba34": 1778239974.289627, "om_x100b50e88b18b084b24e4edf9c716e8": 1778240605.980567, "om_x100b50e892aa9508b3b751d06109700": 1778240967.264238, "om_x100b50e8acc81d04b4c811d55183bf2": 1778241057.103798, "om_x100b50e8a6e2d0b4b4803f63fac803f": 1778241155.7711031, "om_x100b50e95dd330b4b10ee52ad99243d": 1778241842.5914621, "om_x100b50e95144747cb19dd31d9361f6b": 1778242041.2921288, "om_x100b50e96da8a0b8b251232a38b8fdc": 1778242103.2476323, "om_x100b50e96ae368a4b2f298ce33b0484": 1778242115.645688, "om_x100b50e969af44b8b13642b5c68911a": 1778242166.801198, "om_x100b50ea58c0f0a0b39b6b995a11d08": 1778245985.5602293, "om_x100b50ea29236ca8c43c6ba0d62a0e2": 1778247295.85956, "om_x100b50ead25aa8a4c37f57fcf702a8e": 1778248138.2878344, "om_x100b50eae632c8a0c371b8372701b26": 1778248336.729356, "om_x100b50eae06670acc22a0dd1a70eb6b": 1778248427.4236512, "om_x100b50eafb34b4a4c2e4dade505afe2": 1778248544.1682503, "om_x100b50ea8f00b4a0c4409d26d91b362": 1778248733.508769, "om_x100b50ea8ad5b8acc31269eb1588ca9": 1778248770.2366374, "om_x100b50eab86d34a8c3b872d10d612ee": 1778249578.582245, "om_x100b50eb1a2fb8a0c26fc1333f28601": 1778251086.8151357, "om_x100b50eb2e9e10fcc44dabc66ba078b": 1778251269.9682887, "om_x100b50eb2b8944a4c42993bf04cfe33": 1778251348.8044415, "om_x100b50eb21450ca4c2b51c51cf04d25": 1778251513.2360935, "om_x100b50ebccbaf4a4c49b38ecd035a28": 1778251816.1601117, "om_x100b50ebd1044cacc3f63a0640aa909": 1778252285.2808156, "om_x100b50eb91ae10a0c3b1a6f35bf5908": 1778253302.7844236, "om_x100b50ebaf3468a0c42b964bae2c161": 1778253344.1283402, "om_x100b50eba302bca4c2c67d01dbf6e2c": 1778253533.508682, "om_x100b50d44e200ca4c3f9ed2fe4d0c60": 1778253839.369978, "om_x100b50d448b93ca8c347876f9223947": 1778253927.8939, "om_x100b50d4577a54a8c34367e676b63ae": 1778254236.0802746, "om_x100b50d4dac958a4c26ca1c428d5bef": 1778256192.8909807, "om_x100b50d4d50504a8c2e4c03ca72ecb7": 1778256317.1878862, "om_x100b50d4e97924a0c290b7c8b30f7e8": 1778256507.9144557, "om_x100b50dca97a30b4b3bc6f18c813513": 1778290300.3228254, "om_x100b50dca7795c80b24e6fd931be863": 1778290332.191538, "om_x100b50dca77140acb16fe5797b898a3": 1778290332.7855296, "om_x100b50dca70968a8b3bbd22a38f9ec2": 1778290333.3268669, "om_x100b50dca39db8b8b3024d83867bcf1": 1778290389.777876, "om_x100b50dca0752880b126a5b2acbb785": 1778290412.2634823, "om_x100b50dd470054a4b1008a6402a6dfe": 1778290845.6953022, "om_x100b50dd415e6cbcb3b0d73447880cf": 1778290938.005753, "om_x100b50c64150d4a0b1609e0aaf64678": 1778327802.5805693, "om_x100b50c65d2168a4b4b68c390c6f2ec": 1778327871.5428095, "om_x100b50c6502b00a8b3e88f197c8f5b4": 1778328047.195127, "om_x100b50c7aa91aca4c44707dfadc20a9": 1778335302.5228612, "om_x100b6f34c1892ca0b2f42386555e40e": 1778387188.9365108, "om_x100b6f34d042b4a0b11813211c6685c": 1778387433.6685212, "om_x100b6f34e4270ca0b3dfd005f367e15": 1778387631.248982, "om_x100b6f34a55e14a4c323e8e0715204a": 1778388665.7536886, "om_x100b6f34a24e80a4c4e150da90ac0c9": 1778388680.8092506, "om_x100b6f2c2a00d0a4c430ac976c93c87": 1778484813.7255795, "om_x100b6f2c282cbcacc32033d8ea3e1df": 1778484846.9329782, "om_x100b6f2c22764084c35bf6d4119c0c7": 1778484940.5854044, "om_x100b6f2c3aeea898c4c47a93ba2b41f": 1778485059.0287263, "om_x100b6f2cd514bcb8c334ef0469866f1": 1778485694.3739192, "om_x100b6f2cef4510b0c10677156679676": 1778485785.2627559, "om_x100b6f2ceacae4b0c349a590a837fcd": 1778485825.4148374, "om_x100b6f2d665664b8c3cb1770be2a636": 1778487946.4771123, "om_x100b6f2d74c62c8cc45ff93094cadc5": 1778488225.7698197, "om_x100b6f1bc885bc98c2ab55b46d2ab76": 1778579557.3165622, "om_x100b6f047d9cdca0b32595ca0efca89": 1778582325.8801258, "om_x100b6f047829f8a8b48a6f98ace89a0": 1778582383.0221744, "om_x100b6f04051794b8b3dd5bd9e1cda0a": 1778582718.4904866, "om_x100b6f0417cb30b4b24688d7b4b01c9": 1778582929.267445, "om_x100b6f042dbca4a0b32160066dc0ab4": 1778583096.0005348, "om_x100b6f042586a480b1096e41187659b": 1778583221.4092138, "om_x100b6f043920dcb0b3e039b74186988": 1778583423.5172567, "om_x100b6f04cb7620a0b480b31bc523d7a": 1778583644.5222397, "om_x100b6f04e7665080b32e472105f7beb": 1778584219.3974316, "om_x100b6f71117e00a8b302063d60fa736": 1778669052.194987, "om_x100b6f712f04dc74b12ef623c99e651": 1778669085.422225, "om_x100b6f712640b510b48ff6b08a0b3c0": 1778669193.4566164, "om_x100b6f719f6a24a0c4a81a194241638": 1778670875.2417948, "om_x100b6f7199dc753cc3c9e267274f683": 1778670961.9419909, "om_x100b6f72d8b614b8b10650c3cd5a654": 1778674024.480341, "om_x100b6f72e8b5ad04b3d87b36256783b": 1778674280.1881127, "om_x100b6f72e031c0acb3e0756164efdfc": 1778674416.4489102, "om_x100b6f72f142a4a0b3e454565e3ea5d": 1778674681.7428887, "om_x100b6f72889154a0b28d91a0fdc037e": 1778674790.5523374, "om_x100b6f7282d784b4b1316ce7ffa1899": 1778674882.333569, "om_x100b6f729a6434a8b3ba1b9c02a1527": 1778675019.3660636, "om_x100b6f72974cbd38b101b0b5849cf48": 1778675096.7691157, "om_x100b6f66e150e088b13cd961d343962": 1778723578.9695654, "om_x100b6f6f61efb4a4c35c23d572d9775": 1778758386.8892167, "om_x100b6f6864199ca0b4bdbe4a727458a": 1778762414.0850792, "om_x100b6f6878c1ac80b308600bc340d30": 1778762593.4142392, "om_x100b6f68758180b0b3c984602793ee5": 1778762677.4198246, "om_x100b6f687165b084b309db8362aade7": 1778762747.214762, "om_x100b6f6807e82cb0b15acd1f260f925": 1778762899.1416388, "om_x100b6f923c5cc484b2bc6ea7859910f": 1779066665.981109, "om_x100b6f92cc5d64b4b186a51ec99376c": 1779066921.8388093, "om_x100b6f92c56ecce4b27b268f111b754": 1779067066.9958332, "om_x100b6f99bfcd4498c2dac949d5402c2": 1779097360.951194, "om_x100b6f9bc2c290acb4a08a5e0ee1e49": 1779103937.9988275, "om_x100b6f9bd7019cbcb356ea47acecdc1": 1779104157.5283275, "om_x100b6f9bd19bebecc2a0caa51d49ea6": 1779104246.1363933, "om_x100b6f9becd8b0b8b3e2a02926fa5b2": 1779104290.158575, "om_x100b6f9be672e484b4a49993f4fcc27": 1779104396.7569103, "om_x100b6f9b9ef6b8a8b29e4e41d31acb2": 1779105028.5856848, "om_x100b6fe22b0ef8f4c3436b3121cb1f0": 1779263069.057164, "om_x100b6fe23b78e880c27b7ed33923977": 1779263324.277539, "om_x100b6fd37b33cc84c1060de6f65ff7c": 1779331936.7715282, "om_x100b6fd375a1b0a0c4a0b8b35b5e04f": 1779332023.783099, "om_x100b6fd30867b0a4c26d497d9a1e87a": 1779332203.5005827, "om_x100b6fdab3d370b8c291201085e4391": 1779363794.677243, "om_x100b6fc42c93f0a0c211435b2b1f0ce": 1779369510.6046462}}