{"message_ids": {"om_x100b50e8d0942c9cb165e7a52e1ba34": 1778239974.289627, "om_x100b50e88b18b084b24e4edf9c716e8": 1778240605.980567, "om_x100b50e892aa9508b3b751d06109700": 1778240967.264238, "om_x100b50e8acc81d04b4c811d55183bf2": 1778241057.103798, "om_x100b50e8a6e2d0b4b4803f63fac803f": 1778241155.7711031, "om_x100b50e95dd330b4b10ee52ad99243d": 1778241842.5914621, "om_x100b50e95144747cb19dd31d9361f6b": 1778242041.2921288, "om_x100b50e96da8a0b8b251232a38b8fdc": 1778242103.2476323, "om_x100b50e96ae368a4b2f298ce33b0484": 1778242115.645688, "om_x100b50e969af44b8b13642b5c68911a": 1778242166.801198, "om_x100b50ea58c0f0a0b39b6b995a11d08": 1778245985.5602293, "om_x100b50ea29236ca8c43c6ba0d62a0e2": 1778247295.85956, "om_x100b50ead25aa8a4c37f57fcf702a8e": 1778248138.2878344, "om_x100b50eae632c8a0c371b8372701b26": 1778248336.729356, "om_x100b50eae06670acc22a0dd1a70eb6b": 1778248427.4236512, "om_x100b50eafb34b4a4c2e4dade505afe2": 1778248544.1682503, "om_x100b50ea8f00b4a0c4409d26d91b362": 1778248733.508769, "om_x100b50ea8ad5b8acc31269eb1588ca9": 1778248770.2366374, "om_x100b50eab86d34a8c3b872d10d612ee": 1778249578.582245, "om_x100b50eb1a2fb8a0c26fc1333f28601": 1778251086.8151357, "om_x100b50eb2e9e10fcc44dabc66ba078b": 1778251269.9682887, "om_x100b50eb2b8944a4c42993bf04cfe33": 1778251348.8044415, "om_x100b50eb21450ca4c2b51c51cf04d25": 1778251513.2360935, "om_x100b50ebccbaf4a4c49b38ecd035a28": 1778251816.1601117, "om_x100b50ebd1044cacc3f63a0640aa909": 1778252285.2808156, "om_x100b50eb91ae10a0c3b1a6f35bf5908": 1778253302.7844236, "om_x100b50ebaf3468a0c42b964bae2c161": 1778253344.1283402, "om_x100b50eba302bca4c2c67d01dbf6e2c": 1778253533.508682, "om_x100b50d44e200ca4c3f9ed2fe4d0c60": 1778253839.369978, "om_x100b50d448b93ca8c347876f9223947": 1778253927.8939, "om_x100b50d4577a54a8c34367e676b63ae": 1778254236.0802746, "om_x100b50d4dac958a4c26ca1c428d5bef": 1778256192.8909807, "om_x100b50d4d50504a8c2e4c03ca72ecb7": 1778256317.1878862, "om_x100b50d4e97924a0c290b7c8b30f7e8": 1778256507.9144557, "om_x100b50dca97a30b4b3bc6f18c813513": 1778290300.3228254, "om_x100b50dca7795c80b24e6fd931be863": 1778290332.191538, "om_x100b50dca77140acb16fe5797b898a3": 1778290332.7855296, "om_x100b50dca70968a8b3bbd22a38f9ec2": 1778290333.3268669, "om_x100b50dca39db8b8b3024d83867bcf1": 1778290389.777876, "om_x100b50dca0752880b126a5b2acbb785": 1778290412.2634823, "om_x100b50dd470054a4b1008a6402a6dfe": 1778290845.6953022, "om_x100b50dd415e6cbcb3b0d73447880cf": 1778290938.005753, "om_x100b50c64150d4a0b1609e0aaf64678": 1778327802.5805693, "om_x100b50c65d2168a4b4b68c390c6f2ec": 1778327871.5428095, "om_x100b50c6502b00a8b3e88f197c8f5b4": 1778328047.195127, "om_x100b50c7aa91aca4c44707dfadc20a9": 1778335302.5228612, "om_x100b6f34c1892ca0b2f42386555e40e": 1778387188.9365108, "om_x100b6f34d042b4a0b11813211c6685c": 1778387433.6685212, "om_x100b6f34e4270ca0b3dfd005f367e15": 1778387631.248982, "om_x100b6f34a55e14a4c323e8e0715204a": 1778388665.7536886, "om_x100b6f34a24e80a4c4e150da90ac0c9": 1778388680.8092506, "om_x100b6f2c2a00d0a4c430ac976c93c87": 1778484813.7255795, "om_x100b6f2c282cbcacc32033d8ea3e1df": 1778484846.9329782, "om_x100b6f2c22764084c35bf6d4119c0c7": 1778484940.5854044, "om_x100b6f2c3aeea898c4c47a93ba2b41f": 1778485059.0287263, "om_x100b6f2cd514bcb8c334ef0469866f1": 1778485694.3739192, "om_x100b6f2cef4510b0c10677156679676": 1778485785.2627559, "om_x100b6f2ceacae4b0c349a590a837fcd": 1778485825.4148374, "om_x100b6f2d665664b8c3cb1770be2a636": 1778487946.4771123, "om_x100b6f2d74c62c8cc45ff93094cadc5": 1778488225.7698197}}