{"message_ids": {"om_x100b51d5befad8a0c11ee6d460c42fb": 1777213188.0441656, "om_x100b51d5b1b0a8a8c37efba526ca7b0": 1777213432.3729994, "om_x100b51d64f7bb134c4a16c554fd5a75": 1777213468.040157, "om_x100b51d669c730a0c3bfe31e0cc7fea": 1777214065.2293348, "om_x100b51dbac0fecb0b4b2913e1d5d608": 1777270317.0571384, "om_x100b51dba1915cacb3c93bbfcb31ee9": 1777270518.8015976, "om_x100b51c464846c90b2c038d3c814ea1": 1777271461.6133716, "om_x100b51c47ecf8c80b3d37693b5a39c2": 1777271553.2251842, "om_x100b51c47d970058b3234e7bd738acc": 1777271606.5474038, "om_x100b51c40fb998f8b2aa339ebe51907": 1777271832.2213762, "om_x100b51c526d15c90b3db54bc685f62d": 1777276546.6532042}}