{"message_ids": {"om_x100b51d5befad8a0c11ee6d460c42fb": 1777213188.0441656, "om_x100b51d5b1b0a8a8c37efba526ca7b0": 1777213432.3729994, "om_x100b51d64f7bb134c4a16c554fd5a75": 1777213468.040157, "om_x100b51d669c730a0c3bfe31e0cc7fea": 1777214065.2293348, "om_x100b51dbac0fecb0b4b2913e1d5d608": 1777270317.0571384, "om_x100b51dba1915cacb3c93bbfcb31ee9": 1777270518.8015976, "om_x100b51c464846c90b2c038d3c814ea1": 1777271461.6133716, "om_x100b51c47ecf8c80b3d37693b5a39c2": 1777271553.2251842, "om_x100b51c47d970058b3234e7bd738acc": 1777271606.5474038, "om_x100b51c40fb998f8b2aa339ebe51907": 1777271832.2213762, "om_x100b51c526d15c90b3db54bc685f62d": 1777276546.6532042, "om_x100b51c5216398e0b369f84d5719f61": 1777276667.6641872, "om_x100b51c5cf7b3cb8b25b4fea62bdcdd": 1777276956.352668, "om_x100b51c5c98874e4b3bbbb6db4803aa": 1777277045.1945744, "om_x100b51c72857d0b8b379bdfc790545b": 1777284714.5743184, "om_x100b51c7ce436ca0b3c84b834f5d51e": 1777285129.699695, "om_x100b51c7ec76b084b3616ba24533c12": 1777285676.4738164, "om_x100b51c3559f40a0c2e16d5cef19e80": 1777299893.906051, "om_x100b51c37c4b78a0c3f6f48bc4239d8": 1777300265.0033467, "om_x100b51c30b8e4c88c32aaede3796797": 1777300564.7948163}}