{"message_ids": {"om_x100b6ceaee051cb8b272e3e80c4312f": 1782442509.359622, "om_x100b6ceae6bbb080b4a08178a3b025b": 1782442632.282175, "om_x100b6cea8a12a4b8b133a96c12c0a6e": 1782443086.9249246, "om_x100b6cea87b3acbcb15e30e158c5456": 1782443161.4427955, "om_x100b6cea85ba30b0b4bbcbc8c7ef82c": 1782443192.4834, "om_x100b6cea9136c894b3f666933955b19": 1782443520.6971931, "om_x100b6ceaa623acb0b49fa897b8b1d46": 1782443663.590466, "om_x100b6ceaa5599cbcb3e0a3073519def": 1782443706.046863, "om_x100b6ceab9088c88b2207f088e28556": 1782443901.1549988, "om_x100b6ceb59f72094b1267533ccb27bf": 1782444404.5097225, "om_x100b6cd50c7038acb1b5b7690bb095f": 1782453292.5937939, "om_x100b6cd50a0364acb30ec36586d89d1": 1782453325.7031817, "om_x100b6cd5386360acb2e405cc57da6d9": 1782454123.7572298, "om_x100b6cd7aedbf8a0b1feb6add73e954": 1782464002.1945987, "om_x100b6cd7a62034a8b3f2ff04638074d": 1782464143.5942538, "om_x100b6cd05965a088b164f18ab19521b": 1782464891.363513, "om_x100b6cd020cc58f0b4b2ae7f51d4575": 1782466273.3435886, "om_x100b6cd146c820a4b309138cbf444a2": 1782468737.4091954, "om_x100b6b10a07208b0b1fe70555989dcb": 1782730476.9424148, "om_x100b6b0d29b29ca0b1df2f67d614616": 1782814329.076267, "om_x100b6b7c400d4ca8c4be0139215bb80": 1782874349.287044, "om_x100b6b7c5a597884c3c25290648636a": 1782874442.1715174, "om_x100b6b79aec3485cc052811fb14ae70": 1782898177.946446}}